date,run_id,branch,git_sha,notes,target,model_size,context_len,patch_size,head_type,n_buckets,train_loss,val_nll,val_ece,val_brier,val_rps,val_dir_acc,held_out_sharpe,held_out_sharpe_se,lambda_risk,alpha_mag_weight,touched_test
2026-08-25,train-tokens.latest-xs-s20000-0000000000000000,main,263cf41f5c38a682e259fbf6cf5e9d9ec958144a,sprint110-v3 lr=1e-4 warmup=2000 steps=20000 device=mps,SPY,xs,64,1,categorical,32,3.4518,3.4624,0.036,0.9678,0.1906,0.5323,nan,nan,0.0,0.0,False
2026-08-25,train-tokens.latest-sm-s20000-0000000000000000,main,263cf41f5c38a682e259fbf6cf5e9d9ec958144a,sprint110-v3 lr=1e-4 warmup=2000 steps=20000 device=mps,SPY,sm,64,1,categorical,32,3.4532,3.4284,0.0347,0.9601,0.1897,0.5012,nan,nan,0.0,0.0,False
2026-08-25,train-tokens.latest-md-s20000-0000000000000000,main,263cf41f5c38a682e259fbf6cf5e9d9ec958144a,sprint110-v3 lr=1e-4 warmup=2000 steps=20000 device=mps,SPY,md,64,1,categorical,32,3.4533,3.406,0.0267,0.9543,0.1889,0.4987,nan,nan,0.0,0.0,False
2026-08-25,train-tokens.latest-lg-s20000-0000000000000000,main,263cf41f5c38a682e259fbf6cf5e9d9ec958144a,sprint110-v3 lr=1e-4 warmup=2000 steps=20000 device=mps,SPY,lg,64,1,categorical,32,3.4508,3.3993,0.027,0.9525,0.1886,0.4987,nan,nan,0.0,0.0,False
2026-08-25,sprint111-linear-baseline-n200,main,263cf41f5c38a682e259fbf6cf5e9d9ec958144a,"sprint111 diagnostic: LinearBaseline(64x32->32), n_steps=200, batch=32, lr=1e-3, seed=0. Per-regime nll: low 3.135, mid 3.433, high 3.348.",SPY,linear,64,1,linear,32,3.4657,3.3325,0.0,0.0,0.0,0.5229,nan,nan,0.0,0.0,False
2026-08-25,train-tokens.latest-md-s100000-0000000000000000,main,263cf41f5c38a682e259fbf6cf5e9d9ec958144a,sprint112-H1 longtrain lr=1e-4 n_steps=100000 warmup=2000 wd=0.1 seed=0 mps DIVERGED@36907; best ckpt @30000,SPY,md,64,1,categorical,32,3.134534,3.31483,0.00819,0.936667,0.183823,0.502271,nan,nan,0.0,0.0,False
2026-08-25,train-tokens.latest-md-s20000-0000000000000000,main,263cf41f5c38a682e259fbf6cf5e9d9ec958144a,sprint112-H2 regularized lr=1e-4 n_steps=20000 warmup=2000 wd=0.5 seed=0 mps,SPY,md,64,1,categorical,32,3.45309,3.405108,0.028074,0.954261,0.188839,0.498749,nan,nan,0.0,0.0,False
2026-08-25,train-tokens.latest-md-target-only-s20000-0000000000000000,main,263cf41f5c38a682e259fbf6cf5e9d9ec958144a,sprint113-A target-only unnormalized md lr=1e-4 wd=0.1 seed=0 20K mps; best@12000; matches Sprint 110 v3 md to 4 decimals,SPY,md,64,1,categorical,32,3.453316,3.406102,0.026727,0.954341,0.188863,0.498749,nan,nan,0.0,0.0,False
2026-08-25,train-tokens.latest-md-sum-normalized-s20000-0000000000000000,main,263cf41f5c38a682e259fbf6cf5e9d9ec958144a,sprint113-C sum-NORMALIZED md lr=1e-4 wd=0.1 seed=0 20K mps; best@2000 pooled 3.1976 (+2.8% vs linear@800); overfits after step 2000,SPY,md,64,1,categorical,32,0.108179,3.197576,0.033127,0.928979,0.179988,0.519511,nan,nan,0.0,0.0,False
2026-08-25,train-tokens.latest-md-sprint114-seed-hp1ede6816-s20000-0000000000000001,main,263cf41f5c38a682e259fbf6cf5e9d9ec958144a,sprint114-multiseed seed=1 sum-normalized md lr=1e-4 wd=0.1 20K mps,SPY,md,64,1,categorical,32,0.125871,3.325601,0.071535,0.941612,0.18282,0.522755,nan,nan,0.0,0.0,False
2026-08-25,train-tokens.latest-md-sprint114-seed-hp1ede6816-s20000-0000000000000002,main,263cf41f5c38a682e259fbf6cf5e9d9ec958144a,sprint114-multiseed seed=2 sum-normalized md lr=1e-4 wd=0.1 20K mps,SPY,md,64,1,categorical,32,0.170221,3.213848,0.04026,0.930087,0.181013,0.517564,nan,nan,0.0,0.0,False
2026-08-25,train-tokens.latest-md-sprint114-seed-hp1ede6816-s20000-0000000000000003,main,263cf41f5c38a682e259fbf6cf5e9d9ec958144a,sprint114-multiseed seed=3 sum-normalized md lr=1e-4 wd=0.1 20K mps,SPY,md,64,1,categorical,32,0.261808,3.193021,0.017551,0.933497,0.18015,0.525257,nan,nan,0.0,0.0,False
2026-08-25,train-tokens.latest-md-sprint114-seed-hp1ede6816-s20000-0000000000000004,main,263cf41f5c38a682e259fbf6cf5e9d9ec958144a,sprint114-multiseed seed=4 sum-normalized md lr=1e-4 wd=0.1 20K mps,SPY,md,64,1,categorical,32,0.143751,3.20467,0.036289,0.930083,0.179894,0.530355,nan,nan,0.0,0.0,False
2026-08-25,train-tokens.latest-md-sprint114-wd-hp5a54265a-s20000-0000000000000000,main,263cf41f5c38a682e259fbf6cf5e9d9ec958144a,sprint114-wd wd=0.5 sum-normalized md lr=1e-4 seed=0 20K mps,SPY,md,64,1,categorical,32,0.118915,3.20584,nan,nan,nan,nan,nan,nan,0.0,0.0,False
2026-08-25,train-tokens.latest-md-sprint114-wd-hp86b9dd03-s20000-0000000000000000,main,263cf41f5c38a682e259fbf6cf5e9d9ec958144a,sprint114-wd wd=1.0 sum-normalized md lr=1e-4 seed=0 20K mps,SPY,md,64,1,categorical,32,0.143169,3.206497,nan,nan,nan,nan,nan,nan,0.0,0.0,False
2026-08-25,train-tokens.latest-md-sprint114-wd-hpb4d35cdb-s20000-0000000000000000,main,263cf41f5c38a682e259fbf6cf5e9d9ec958144a,sprint114-wd wd=5.0 sum-normalized md lr=1e-4 seed=0 20K mps,SPY,md,64,1,categorical,32,2.986444,3.173877,nan,nan,nan,nan,nan,nan,0.0,0.0,False
2026-08-25,train-tokens.latest-md-sprint115-lr-hp0da713a8-s20000-0000000000000000,main,263cf41f5c38a682e259fbf6cf5e9d9ec958144a,sprint115 sprint115-lr-3e-5 md-normalized 20K mps,SPY,md,64,1,categorical,32,2.116631,3.370553,0.093552,0.946903,0.185202,0.515618,nan,nan,0.0,0.0,False
2026-08-25,train-tokens.latest-md-sprint115-lr-hp544fbc4e-s20000-0000000000000000,main,263cf41f5c38a682e259fbf6cf5e9d9ec958144a,sprint115 sprint115-lr-1e-5 md-normalized 20K mps,SPY,md,64,1,categorical,32,3.020349,3.186557,0.033258,0.928662,0.180166,0.521272,nan,nan,0.0,0.0,False
2026-08-25,train-tokens.latest-md-mix-sprint115-mixer-hp18a91f43-s20000-0000000000000000,main,263cf41f5c38a682e259fbf6cf5e9d9ec958144a,sprint115 sprint115-mixer-3e-5 md-normalized 20K mps,SPY,md,64,1,categorical,32,3.185138,3.148388,0.013112,0.923124,0.179241,0.528779,nan,nan,0.0,0.0,False
2026-08-25,train-tokens.latest-md-mix-sprint115-mixer-hp799226c1-s20000-0000000000000000,main,263cf41f5c38a682e259fbf6cf5e9d9ec958144a,sprint115 sprint115-mixer-1e-5 md-normalized 20K mps,SPY,md,64,1,categorical,32,3.098853,3.167321,0.012212,0.927964,0.179917,0.533414,nan,nan,0.0,0.0,False
2026-08-25,train-tokens.latest-md-sprint115-lr-hp42810e75-s20000-0000000000000000,main,263cf41f5c38a682e259fbf6cf5e9d9ec958144a,sprint115-lr-5e-5 md-normalized sum lr=5e-5 20K mps; cliffs at warmup,SPY,md,64,1,categorical,32,0.900603,3.181036,nan,nan,nan,nan,nan,nan,0.0,0.0,False
2026-08-25,train-tokens.latest-md-mix-sprint116-mixer-seed-hp18a91f43-s20000-0000000000000001,main,263cf41f5c38a682e259fbf6cf5e9d9ec958144a,sprint116-mixer-seed seed=1 mixer normalized lr=3e-5 wd=0.1 20K mps,SPY,md,64,1,categorical,32,3.002499,3.178597,0.014375,0.930418,0.179911,0.52396,nan,nan,0.0,0.0,False
2026-08-25,train-tokens.latest-md-mix-sprint116-mixer-seed-hp18a91f43-s20000-0000000000000002,main,263cf41f5c38a682e259fbf6cf5e9d9ec958144a,sprint116-mixer-seed seed=2 mixer normalized lr=3e-5 wd=0.1 20K mps,SPY,md,64,1,categorical,32,2.981969,3.19667,0.015159,0.93619,0.180417,0.515618,nan,nan,0.0,0.0,False
2026-08-25,train-tokens.latest-md-mix-sprint116-mixer-seed-hp18a91f43-s20000-0000000000000003,main,263cf41f5c38a682e259fbf6cf5e9d9ec958144a,sprint116-mixer-seed seed=3 mixer normalized lr=3e-5 wd=0.1 20K mps,SPY,md,64,1,categorical,32,3.328552,3.205402,0.018819,0.934778,0.181,0.526648,nan,nan,0.0,0.0,False
2026-08-25,train-tokens.latest-md-mix-sprint116-mixer-seed-hp18a91f43-s20000-0000000000000004,main,263cf41f5c38a682e259fbf6cf5e9d9ec958144a,sprint116-mixer-seed seed=4 mixer normalized lr=3e-5 wd=0.1 20K mps,SPY,md,64,1,categorical,32,3.243356,3.172635,0.012067,0.926386,0.179786,0.525165,nan,nan,0.0,0.0,False
